,Product,Star_Rating,Ratings & Reviews,Offer_price,Market_Price,Discount
3,"realme 9i (Prism Blue, 128 GB)",4.5,"84,095 Ratings & 4,630 Reviews","₹11,099","₹16,999",34% off
4,"realme 9i (Prism Black, 128 GB)",4.5,"84,095 Ratings & 4,630 Reviews","₹11,099","₹16,999",34% off
5,"realme C31 (Dark Green, 32 GB)",4.6,"36,498 Ratings & 1,375 Reviews","₹9,299","₹10,999",15% off
6,GREENBERRI F1,3.9,"1,224 Ratings & 88 Reviews","₹1,399","₹1,499",6% off
7,"realme C31 (Dark Green, 64 GB)",4.4,"35,514 Ratings & 1,799 Reviews","₹9,999","₹11,999",16% off
8,"realme C31 (Light Silver, 32 GB)",4.6,"36,498 Ratings & 1,375 Reviews","₹9,299","₹10,999",15% off
9,"APPLE iPhone 11 (Black, 128 GB)",4.6,"1,31,081 Ratings & 8,323 Reviews","₹41,990","₹48,900",14% off
10,IAIR D23,4.3,43 Ratings & 12 Reviews,"₹1,097","₹1,099",
11,"REDMI 10 (Pacific Blue, 64 GB)",4.3,"85,856 Ratings & 5,365 Reviews","₹8,999","₹14,999",40% off
12,"REDMI 10 (Midnight Black, 64 GB)",4.3,"85,856 Ratings & 5,365 Reviews","₹8,999","₹14,999",40% off
13,IAIR D10,3.9,40 Ratings & 20 Reviews,"₹1,161","₹1,199",3% off
14,IAIR D40,3.9,22 Ratings & 13 Reviews,"₹1,319",,
15,"APPLE iPhone 13 (Starlight, 128 GB)",4.7,"79,146 Ratings & 3,488 Reviews","₹59,990","₹69,900",14% off
16,"APPLE iPhone 11 (White, 128 GB)",4.6,"1,31,081 Ratings & 8,323 Reviews","₹41,990","₹48,900",14% off
17,"REDMI 10 (Caribbean Green, 64 GB)",4.3,"85,856 Ratings & 5,365 Reviews","₹8,999","₹14,999",40% off
18,"APPLE iPhone 11 (White, 64 GB)",4.6,"1,31,081 Ratings & 8,323 Reviews","₹35,990","₹43,900",18% off
19,IAIR D22,4.1,15 Ratings & 7 Reviews,"₹1,120",,
20,IAIR D24,3.8,77 Ratings & 26 Reviews,"₹1,128",,
21,"SAMSUNG Galaxy F13 (Waterfall Blue, 64 GB)",4.5,"32,129 Ratings & 1,467 Reviews","₹9,999","₹14,999",33% off
22,"realme C31 (Light Silver, 64 GB)",4.4,"35,514 Ratings & 1,799 Reviews","₹9,999","₹11,999",16% off
23,IAIR D41,3.4,24 Ratings & 7 Reviews,"₹1,319",,
24,"APPLE iPhone 13 (Green, 128 GB)",4.7,"79,146 Ratings & 3,488 Reviews","₹59,990","₹69,900",14% off
25,"SAMSUNG Galaxy F13 (Nightsky Green, 64 GB)",4.5,"32,129 Ratings & 1,467 Reviews","₹9,999","₹14,999",33% off
26,"Infinix Hot 12 (Exploratory Blue, 64 GB)",4.3,"1,785 Ratings & 115 Reviews","₹8,499","₹12,999",34% off
31,"realme C33 (Sandy Gold, 64 GB)",4.6,"10,716 Ratings & 325 Reviews","₹9,999","₹12,999",23% off
32,"SAMSUNG Galaxy S21 FE 5G (Olive, 128 GB)",4.4,"6,981 Ratings & 594 Reviews","₹34,999","₹74,999",53% off
34,Good One 5026,4.3,223 Ratings & 41 Reviews,₹999,,
35,"vivo T1 44W (Starry Sky, 128 GB)",4.4,"40,299 Ratings & 3,264 Reviews","₹14,499","₹19,990",27% off
36,"vivo T1 44W (Ice Dawn, 128 GB)",4.4,"40,299 Ratings & 3,264 Reviews","₹14,499","₹19,990",27% off
37,IAIR D23,4.3,42 Ratings & 12 Reviews,"₹1,097","₹1,099",
39,"vivo T1 44W (Midnight Galaxy, 128 GB)",4.4,"40,299 Ratings & 3,264 Reviews","₹14,499","₹19,990",27% off
40,"Infinix Hot 12 (Polar Black, 64 GB)",4.3,"1,785 Ratings & 115 Reviews","₹8,499","₹12,999",34% off
41,"POCO C31 (Royal Blue, 32 GB)",4.4,"88,560 Ratings & 5,592 Reviews","₹7,499","₹10,999",31% off
42,"SAMSUNG Galaxy F13 (Sunrise Copper, 64 GB)",4.5,"32,129 Ratings & 1,467 Reviews","₹9,999","₹14,999",33% off
45,"vivo T1 5G (Rainbow Fantasy, 128 GB)",4.3,"40,695 Ratings & 3,580 Reviews","₹15,990","₹19,990",20% off
46,"vivo T1 5G (Rainbow Fantasy, 128 GB)",4.3,"1,08,935 Ratings & 9,771 Reviews","₹16,990","₹20,990",19% off
49,"realme 9 Pro 5G (Sunrise Blue, 128 GB)",4.4,"53,096 Ratings & 4,739 Reviews","₹16,599","₹21,999",24% off
50,"POCO C31 (Royal Blue, 64 GB)",4.3,"1,20,727 Ratings & 7,524 Reviews","₹7,999","₹11,999",33% off
51,"vivo T1X (Space Blue, 64 GB)",4.5,"34,945 Ratings & 1,871 Reviews","₹11,999","₹16,990",29% off
52,"realme C30 (Denim Black, 32 GB)",4.4,"22,824 Ratings & 900 Reviews","₹6,999","₹8,499",17% off
53,"realme C30 (Bamboo Green, 32 GB)",4.4,"22,824 Ratings & 900 Reviews","₹6,999","₹8,499",17% off
54,"realme C30 (Lake Blue, 32 GB)",4.4,"22,824 Ratings & 900 Reviews","₹6,999","₹8,499",17% off
58,"vivo T1X (Gravity Black, 64 GB)",4.5,"27,934 Ratings & 1,645 Reviews","₹11,999","₹16,990",29% off
59,"vivo T1 44W (Ice Dawn, 128 GB)",4.4,"23,321 Ratings & 1,966 Reviews","₹15,999","₹20,990",23% off
61,Good One 5026,4.2,266 Ratings & 46 Reviews,₹999,,
62,"vivo T1 44W (Starry Sky, 128 GB)",4.4,"23,321 Ratings & 1,966 Reviews","₹15,999","₹20,990",23% off
63,"POCO C31 (Shadow Gray, 32 GB)",4.4,"88,560 Ratings & 5,592 Reviews","₹7,499","₹10,999",31% off
64,"realme 9 5G (Supersonic Black, 64 GB)",4.5,"27,357 Ratings & 1,452 Reviews","₹15,999","₹18,999",15% off
65,"realme 9 5G (Meteor Black, 128 GB)",4.5,"21,789 Ratings & 1,311 Reviews","₹15,099","₹20,999",28% off
68,"realme 9 5G (Stargaze White, 128 GB)",4.5,"21,789 Ratings & 1,311 Reviews","₹15,099","₹20,999",28% off
69,"POCO M4 Pro (Cool Blue, 64 GB)",4.3,"60,532 Ratings & 5,716 Reviews","₹11,249","₹17,999",37% off
72,"APPLE iPhone 13 (Midnight, 128 GB)",4.7,"79,146 Ratings & 3,488 Reviews","₹59,990","₹69,900",14% off
73,"Infinix Smart 6 HD (Origin Blue, 32 GB)",4.6,"3,246 Ratings & 124 Reviews","₹5,999","₹8,999",33% off
74,"Infinix Smart 6 HD (Aqua Sky, 32 GB)",4.6,"3,246 Ratings & 124 Reviews","₹5,999","₹8,999",33% off
75,"realme 9 Pro 5G (Sunrise Blue, 128 GB)",4.3,"8,305 Ratings & 688 Reviews","₹18,599","₹23,999",22% off
78,"POCO C31 (Shadow Gray, 64 GB)",4.3,"1,20,727 Ratings & 7,524 Reviews","₹7,999","₹11,999",33% off
79,"realme 9 Pro 5G (Aurora Green, 128 GB)",4.4,"53,096 Ratings & 4,739 Reviews","₹16,599","₹21,999",24% off
80,"APPLE iPhone 11 (Black, 64 GB)",4.6,"1,30,995 Ratings & 8,302 Reviews","₹35,990","₹43,900",18% off
81,"POCO M4 Pro (Cool Blue, 128 GB)",4.3,"60,532 Ratings & 5,716 Reviews","₹12,249","₹19,999",38% off
86,"realme C35 (Glowing Black, 64 GB)",4.4,"1,10,578 Ratings & 7,307 Reviews","₹11,999","₹13,999",14% off
87,"OPPO K10 5G (Ocean Blue, 128 GB)",4.5,"6,249 Ratings & 399 Reviews","₹16,499","₹20,999",21% off
88,"vivo T1 5G (Starlight Black, 128 GB)",4.3,"40,695 Ratings & 3,580 Reviews","₹15,990","₹19,990",20% off
89,"vivo T1 5G (Silky White, 128 GB)",4.3,"40,695 Ratings & 3,580 Reviews","₹15,990","₹19,990",20% off
92,"APPLE iPhone 13 (Pink, 128 GB)",4.7,"79,146 Ratings & 3,488 Reviews","₹60,990","₹69,900",12% off
93,"OPPO K10 5G (Midnight Black, 128 GB)",4.5,"6,249 Ratings & 399 Reviews","₹16,499","₹20,999",21% off
96,"OPPO K10 5G (Ocean Blue, 128 GB)",4.5,"24,227 Ratings & 1,861 Reviews","₹15,999","₹25,999",38% off
97,"vivo T1 5G (Starlight Black, 128 GB)",4.3,"1,03,888 Ratings & 9,457 Reviews","₹16,990","₹20,990",19% off
98,"vivo T1 5G (Silky White, 128 GB)",4.3,"1,03,888 Ratings & 9,457 Reviews","₹16,990","₹20,990",19% off
99,"REDMI Note 11 SE (Space Black, 64 GB)",4.3,"5,346 Ratings & 246 Reviews","₹12,029","₹16,999",29% off
102,"realme 9 5G (Supersonic Black, 128 GB)",4.5,"21,789 Ratings & 1,311 Reviews","₹15,099","₹20,999",28% off
103,"APPLE iPhone 13 ((PRODUCT)RED, 128 GB)",4.7,"79,146 Ratings & 3,488 Reviews","₹59,990","₹69,900",14% off
106,"realme Narzo 50 (Speed Blue, 128 GB)",4.4,"2,645 Ratings & 178 Reviews","₹12,749","₹17,999",29% off
107,"realme Narzo 50 (Speed Blue, 64 GB)",4.5,"11,372 Ratings & 669 Reviews","₹10,999","₹15,999",31% off
108,"vivo T1 44W (Midnight Galaxy, 128 GB)",4.4,"23,321 Ratings & 1,966 Reviews","₹15,999","₹20,990",23% off
109,"POCO M4 Pro (Yellow, 64 GB)",4.3,"60,532 Ratings & 5,716 Reviews","₹11,249","₹17,999",37% off
114,Good One G5605N,3.8,446 Ratings & 78 Reviews,₹899,,
116,Micromax X746,4,"17,214 Ratings & 1,890 Reviews",₹999,"₹2,499",60% off
117,"realme 9 (Sunburst Gold, 128 GB)",4.4,"35,223 Ratings & 2,477 Reviews","₹15,099","₹20,999",28% off
120,"realme 9 (Stargaze White, 128 GB)",4.4,"35,223 Ratings & 2,477 Reviews","₹15,099","₹20,999",28% off
121,"SAMSUNG GALAXY M13 (Aqua Green, 64 GB)",4.2,166 Ratings & 10 Reviews,"₹10,336",,
122,"APPLE iPhone 11 (Red, 64 GB)",4.6,"1,31,042 Ratings & 8,307 Reviews","₹35,990","₹43,900",18% off
123,"APPLE iPhone 11 (Red, 128 GB)",4.6,"1,31,042 Ratings & 8,307 Reviews","₹40,990","₹48,900",16% off
126,"REDMI 9i Sport (Coral Green, 64 GB)",4.4,"1,56,307 Ratings & 8,866 Reviews","₹8,499","₹9,999",15% off
127,"vivo T1 5G (Starlight Black, 128 GB)",4.3,"10,615 Ratings & 979 Reviews","₹19,990","₹23,990",16% off
130,"realme 9 Pro 5G (Midnight Black, 128 GB)",4.4,"53,096 Ratings & 4,739 Reviews","₹16,599","₹21,999",24% off
131,"vivo T1 5G (Rainbow Fantasy, 128 GB)",4.3,"10,615 Ratings & 979 Reviews","₹19,990","₹23,990",16% off
132,"realme 9 Pro 5G (Aurora Green, 128 GB)",4.3,"9,353 Ratings & 753 Reviews","₹18,599","₹23,999",22% off
133,LAVA A1 Josh 2021,4.1,"5,773 Ratings & 505 Reviews","₹1,055","₹1,249",15% off
135,"APPLE iPhone 12 Mini (Blue, 64 GB)",4.5,"1,09,438 Ratings & 8,753 Reviews","₹39,990","₹59,900",33% off
136,"Infinix Note 12 (Jewel Blue, 64 GB)",4.3,"12,076 Ratings & 1,231 Reviews","₹9,999","₹15,999",37% off
137,"Infinix Note 12 (Force Black, 64 GB)",4.3,"12,076 Ratings & 1,231 Reviews","₹9,999","₹15,999",37% off
144,"SAMSUNG Galaxy F23 5G (Copper Blush, 128 GB)",4.2,"72,649 Ratings & 6,129 Reviews","₹13,999","₹23,999",41% off
145,"MOTOROLA G51 5G (Indigo Blue, 64 GB)",4.1,"11,236 Ratings & 1,461 Reviews","₹12,249","₹17,999",31% off
146,"realme 9 (Meteor Black, 128 GB)",4.4,"35,223 Ratings & 2,477 Reviews","₹15,099","₹20,999",28% off
147,"APPLE iPhone 11 (Green, 128 GB)",4.6,"1,30,995 Ratings & 8,302 Reviews","₹42,990","₹48,900",12% off
150,"realme 9 (Sunburst Gold, 128 GB)",4.4,"11,720 Ratings & 882 Reviews","₹15,999","₹22,999",30% off
151,"Infinix Smart 6 HD (Force Black, 32 GB)",4.6,"3,246 Ratings & 124 Reviews","₹5,999","₹8,999",33% off
154,"SAMSUNG Galaxy F23 5G (Aqua Blue, 128 GB)",4.2,"14,236 Ratings & 1,166 Reviews","₹12,999","₹22,999",43% off
155,"Infinix Smart 6 (Starry Purple, 64 GB)",4.4,"15,461 Ratings & 1,050 Reviews","₹6,499","₹8,999",27% off
156,"Infinix Smart 6 (Heart Of Ocean, 64 GB)",4.4,"15,461 Ratings & 1,050 Reviews","₹6,499","₹8,999",27% off
157,"realme 9 5G SE (Starry Glow, 128 GB)",4.4,"8,964 Ratings & 868 Reviews","₹16,499","₹24,999",34% off
160,"realme 9 5G SE (Azure Glow, 128 GB)",4.4,"8,964 Ratings & 868 Reviews","₹16,499","₹24,999",34% off
161,"REDMI 10A (Sea Blue, 64 GB)",4.1,"2,579 Ratings & 184 Reviews","₹8,573",,
162,"realme 9 5G SE (Azure Glow, 128 GB)",4.3,"1,093 Ratings & 107 Reviews","₹18,499","₹26,999",31% off
163,"MOTOROLA G60 (Moonless, 128 GB)",4.2,"1,19,050 Ratings & 12,075 Reviews","₹14,999","₹21,999",31% off
164,"REDMI 10 Prime (Phantom Black, 128 GB)",4.2,"5,207 Ratings & 388 Reviews","₹13,499","₹16,999",20% off
165,"REDMI 9i Sport (Carbon Black, 64 GB)",4.4,"1,50,640 Ratings & 8,552 Reviews","₹8,499","₹9,999",15% off
170,"REDMI Note 11 SE (Thunder Purple, 64 GB)",4.3,"5,444 Ratings & 242 Reviews","₹12,029","₹16,999",29% off
171,"realme 9 Pro 5G (Midnight Black, 128 GB)",4.3,"9,353 Ratings & 753 Reviews","₹18,599","₹23,999",22% off
174,"MOTOROLA g31 (Baby Blue, 128 GB)",4.1,"8,049 Ratings & 965 Reviews","₹11,999","₹16,999",29% off
175,LAVA GEM,4.2,"28,301 Ratings & 3,059 Reviews","₹1,680","₹1,849",9% off
178,"POCO M4 5G (Cool Blue, 128 GB)",4.1,"12,876 Ratings & 1,079 Reviews","₹13,499","₹18,999",28% off
179,"vivo T1X (Gravity Black, 128 GB)",4.4,"1,689 Ratings & 98 Reviews","₹14,999","₹18,990",21% off
180,"Infinix Smart 6 (Polar Black, 64 GB)",4.4,"17,038 Ratings & 1,161 Reviews","₹6,499","₹8,999",27% off
181,"vivo T1 44W (Midnight Galaxy, 128 GB)",4.3,"3,111 Ratings & 275 Reviews","₹17,999","₹23,990",24% off
184,"vivo T1 44W (Starry Sky, 128 GB)",4.3,"3,111 Ratings & 275 Reviews","₹17,999","₹23,990",24% off
185,"POCO M4 5G (Cool Blue, 64 GB)",4.2,"24,244 Ratings & 2,012 Reviews","₹11,499","₹15,999",28% off
188,"SAMSUNG Galaxy F23 5G (Forest Green, 128 GB)",4.2,"14,236 Ratings & 1,166 Reviews","₹12,999","₹22,999",43% off
189,"Realme C30 - Locked with Airtel Prepaid (Denim Black, 32 GB)",4.4,"28,155 Ratings & 1,144 Reviews","₹6,399","₹8,499",24% off
190,"MOTOROLA g31 (Baby Blue, 64 GB)",4.2,"25,743 Ratings & 3,073 Reviews","₹10,499","₹13,999",25% off
191,"APPLE iPhone 13 (Blue, 128 GB)",4.7,"98,089 Ratings & 4,870 Reviews","₹59,990","₹69,900",14% off
193,"MOTOROLA g52 (Metallic White, 128 GB)",4.1,"8,907 Ratings & 1,173 Reviews","₹13,999","₹19,999",30% off
198,"SAMSUNG S20 FE 5G (Cloud Navy, 128 GB)",4.2,"2,519 Ratings & 306 Reviews","₹29,987",,
199,"APPLE iPhone 11 (Green, 64 GB)",4.6,"1,31,042 Ratings & 8,307 Reviews","₹35,990","₹43,900",18% off
202,"POCO X4 Pro 5G (Laser Blue, 128 GB)",4.1,"33,028 Ratings & 3,308 Reviews","₹16,999","₹23,999",29% off
203,"Moto G71 5G (Neptune Green, 128 GB)",4.2,"15,722 Ratings & 1,908 Reviews","₹16,999","₹22,999",26% off
204,"SAMSUNG Galaxy F13 (Waterfall Blue, 128 GB)",4.5,"32,129 Ratings & 1,467 Reviews","₹10,999","₹16,999",35% off
205,"realme 9i 5G (Metallica Gold, 64 GB)",4.6,"14,245 Ratings & 473 Reviews","₹14,999","₹17,999",16% off
208,"MOTOROLA g31 (Meteorite Grey, 64 GB)",4.2,"25,743 Ratings & 3,073 Reviews","₹10,499","₹13,999",25% off
209,"POCO X4 Pro 5G (Laser Black, 128 GB)",4.1,"33,028 Ratings & 3,308 Reviews","₹16,999","₹23,999",29% off
212,"POCO M4 Pro 5G (Cool Blue, 128 GB)",4.2,"26,265 Ratings & 2,457 Reviews","₹14,999","₹19,999",25% off
213,"REDMI Note 11 SE (Cosmic White, 64 GB)",4.3,"5,444 Ratings & 242 Reviews","₹12,029","₹16,999",29% off
214,"POCO M4 Pro 5G (Power Black, 128 GB)",4.2,"26,265 Ratings & 2,457 Reviews","₹14,999","₹19,999",25% off
215,"realme 9 (Meteor Black, 128 GB)",4.4,"11,760 Ratings & 884 Reviews","₹15,999","₹22,999",30% off
218,"realme 9 (Stargaze White, 128 GB)",4.4,"11,760 Ratings & 884 Reviews","₹15,999","₹22,999",30% off
219,"SAMSUNG Galaxy M32 (Light Blue, 128 GB)",4.2,"3,385 Ratings & 307 Reviews","₹13,879","₹15,998",13% off
221,"REDMI 9 Activ (Metallic Purple, 64 GB)",4.2,"5,067 Ratings & 371 Reviews","₹8,940","₹9,445",5% off
226,"Redmi 9A Sport (Metallic Blue, 32 GB)",4.2,"4,954 Ratings & 390 Reviews","₹8,199",,
227,"Redmi 9A Sport (Metallic Blue, 32 GB)",4.2,"18,830 Ratings & 1,449 Reviews","₹6,629","₹6,799",2% off
228,"Redmi 9A Sport (Coral Green, 32 GB)",4.2,"18,830 Ratings & 1,449 Reviews","₹6,714","₹6,999",4% off
229,"REDMI Note 10T 5G (Mint Green, 128 GB)",4.2,"25,214 Ratings & 1,927 Reviews","₹14,999","₹18,999",21% off
232,"SAMSUNG Galaxy M33 5G (Deep Ocean Blue, 128 GB)",4.2,"3,437 Ratings & 360 Reviews","₹15,607",,
233,"POCO M4 Pro 5G (Power Black, 64 GB)",4.3,"19,493 Ratings & 1,798 Reviews","₹12,999","₹16,999",23% off
236,"SAMSUNG Galaxy M33 5G (Mystique Green, 128 GB)",4.3,119 Ratings & 8 Reviews,"₹17,480","₹21,999",20% off
237,"MOTOROLA g52 (Charcoal Grey, 128 GB)",4.1,"8,907 Ratings & 1,173 Reviews","₹13,999","₹19,999",30% off
238,"APPLE iPhone 12 Mini (Black, 64 GB)",4.5,"1,09,474 Ratings & 8,759 Reviews","₹39,990","₹59,900",33% off
239,"SAMSUNG Galaxy F13 (Nightsky Green, 128 GB)",4.5,"32,129 Ratings & 1,467 Reviews","₹10,999","₹16,999",35% off
242,"SAMSUNG Galaxy F22 (Denim Black, 128 GB)",4.3,"57,237 Ratings & 5,397 Reviews","₹13,499","₹16,999",20% off
243,"SAMSUNG GALAXY M13 (Midnight Blue, 64 GB)",4.2,166 Ratings & 10 Reviews,"₹10,482",,
246,"REDMI Note 10T 5G (Metallic Blue, 64 GB)",4.3,"37,750 Ratings & 2,673 Reviews","₹12,999","₹16,999",23% off
247,"REDMI Note 10T 5G (Mint Green, 64 GB)",4.3,"37,750 Ratings & 2,673 Reviews","₹12,999","₹16,999",23% off
248,"MOTOROLA G40 Fusion (Dynamic Gray, 128 GB)",4.2,"51,745 Ratings & 5,665 Reviews","₹13,499","₹19,999",32% off
249,"SAMSUNG Galaxy M33 5G (Mystique Green, 128 GB)",4.2,"3,437 Ratings & 360 Reviews","₹15,264",,
256,"SAMSUNG Galaxy F12 (Sky Blue, 64 GB)",4.3,"2,92,552 Ratings & 23,312 Reviews","₹10,499","₹12,999",19% off
257,"realme 9 5G SE (Starry Glow, 128 GB)",4.3,"1,209 Ratings & 114 Reviews","₹18,499","₹26,999",31% off
260,"realme GT Neo 3T (Drifting White, 128 GB)",4.4,"3,061 Ratings & 345 Reviews","₹29,999","₹34,999",14% off
261,"realme GT Neo 3T (Shade Black, 128 GB)",4.4,"3,061 Ratings & 345 Reviews","₹29,999","₹34,999",14% off
262,"realme GT Neo 3T (Shade Black, 256 GB)",4.3,"1,440 Ratings & 162 Reviews","₹33,999","₹38,999",12% off
263,"realme GT Neo 3T (Drifting White, 128 GB)",4.3,"1,440 Ratings & 162 Reviews","₹31,999","₹36,999",13% off
266,"realme GT Neo 3T (Dash Yellow, 256 GB)",4.3,"1,440 Ratings & 162 Reviews","₹33,999","₹38,999",12% off
267,"realme GT Neo 3T (Dash Yellow, 128 GB)",4.4,"3,061 Ratings & 345 Reviews","₹29,999","₹34,999",14% off
270,"realme GT Neo 3T (Dash Yellow, 128 GB)",4.3,"1,440 Ratings & 162 Reviews","₹31,999","₹36,999",13% off
271,"realme GT Neo 3T (Shade Black, 128 GB)",4.3,"1,440 Ratings & 162 Reviews","₹31,999","₹36,999",13% off
272,"realme GT Neo 3T (Drifting White, 256 GB)",4.3,"1,440 Ratings & 162 Reviews","₹33,999","₹38,999",12% off
273,"Redmi 9A Sport (Coral Green, 32 GB)",4.2,"4,954 Ratings & 390 Reviews","₹7,987","₹8,080",1% off
275,MarQ by Flipkart M70 Shakti,3.8,690 Ratings & 123 Reviews,₹899,"₹1,599",43% off
276,"REDMI Note 10 Pro Max (Vintage Bronze, 128 GB)",4.3,"13,177 Ratings & 955 Reviews","₹17,999","₹22,999",21% off
277,"Infinix Smart 6 Plus (Tranquil Sea Blue, 64 GB)",4.3,"3,756 Ratings & 292 Reviews","₹7,499","₹9,999",25% off
284,"SAMSUNG Galaxy M33 5G (Deep Ocean Blue, 128 GB)",4.2,"3,712 Ratings & 372 Reviews","₹15,332","₹16,474",6% off
285,"POCO M4 5G (Power Black, 128 GB)",4.1,"12,876 Ratings & 1,079 Reviews","₹13,499","₹18,999",28% off
286,"realme 9i 5G (Soulful Blue, 128 GB)",4.3,"1,493 Ratings & 97 Reviews","₹16,999","₹19,999",15% off
287,"realme 9i 5G (Metallica Gold, 128 GB)",4.3,"1,493 Ratings & 97 Reviews","₹16,999","₹19,999",15% off
290,"realme 9i 5G (Rocking Black, 64 GB)",4.6,"14,245 Ratings & 473 Reviews","₹14,999","₹17,999",16% off
291,"realme 9i 5G (Soulful Blue, 64 GB)",4.6,"14,245 Ratings & 473 Reviews","₹14,999","₹17,999",16% off
294,"REDMI 10 Prime 2022 (Phantom Black, 64 GB)",4.2,"1,661 Ratings & 111 Reviews","₹10,988",,
295,"IKall Z12 PRO (SKY colored, 64 GB)",,,,,
296,"POCO X4 Pro 5G (Yellow, 128 GB)",4.1,"33,028 Ratings & 3,308 Reviews","₹16,999","₹23,999",29% off
297,Nokia 105 TA-1416 DS,4.1,"2,667 Ratings & 186 Reviews","₹1,599",,
300,"REDMI 10 Prime 2022 (Bifrost Blue, 64 GB)",4.2,"1,661 Ratings & 111 Reviews","₹11,400",,
301,"REDMI 10 Prime 2022 (Astral White, 64 GB)",4.2,"1,661 Ratings & 111 Reviews","₹10,988",,
303,"MOTOROLA G32 (Satin Silver, 64 GB)",4.2,"2,684 Ratings & 253 Reviews","₹10,999","₹16,999",35% off
304,"SAMSUNG Galaxy F22 (Denim Blue, 64 GB)",4.3,"91,176 Ratings & 8,872 Reviews","₹11,499","₹14,999",23% off
305,"REDMI 9 Activ (Coral Green, 64 GB)",4.2,"5,067 Ratings & 371 Reviews","₹8,880","₹9,999",11% off
310,"POCO X4 Pro 5G (Laser Blue, 64 GB)",4.1,"33,028 Ratings & 3,308 Reviews","₹15,499","₹22,999",32% off
311,LAVA A1 Super 2021,4.1,"1,597 Ratings & 124 Reviews","₹1,199","₹1,340",10% off
314,"REDMI Note 10T 5G (Chromium White, 64 GB)",4.3,"37,750 Ratings & 2,673 Reviews","₹12,999","₹16,999",23% off
315,"Itel Magic2 4G (WiFi, Hotspot Tethering)",4,"15,278 Ratings & 2,322 Reviews","₹2,387","₹2,599",8% off
318,"Infinix Note 11 (Glacier Green, 64 GB)",4.3,"35,951 Ratings & 4,374 Reviews","₹9,999","₹14,999",33% off
319,"Infinix Note 11 (Graphite Black, 64 GB)",4.3,"35,951 Ratings & 4,374 Reviews","₹9,999","₹14,999",33% off
320,MarQ by Flipkart M70 Shakti,3.7,612 Ratings & 118 Reviews,₹899,"₹1,599",43% off
324,Nokia 150 TA-1235 DS,4.1,"10,992 Ratings & 822 Reviews","₹2,799",,
325,"OPPO F19s (Glowing Black, 128 GB)",4.4,"3,938 Ratings & 291 Reviews","₹19,990","₹22,990",13% off
328,DIZO Star 500,4,"9,982 Ratings & 1,230 Reviews","₹1,999",,
329,"POCO X4 Pro 5G (Laser Black, 64 GB)",4.1,"33,028 Ratings & 3,308 Reviews","₹15,499","₹22,999",32% off
330,"POCO M4 Pro (Cool Blue, 128 GB)",4.2,"7,005 Ratings & 667 Reviews","₹14,249","₹21,999",35% off
331,SAMSUNG GURU MUSIC 2,4.2,"2,341 Ratings & 195 Reviews","₹2,120",,
332,"Nothing Phone (1) (Black, 128 GB)",4.3,"24,859 Ratings & 3,649 Reviews","₹29,999","₹37,999",21% off
333,"SAMSUNG Galaxy F22 (Denim Black, 64 GB)",4.3,"91,176 Ratings & 8,872 Reviews","₹11,499","₹14,999",23% off
338,"REDMI 10A (Slate grey, 64 GB)",4.1,"2,579 Ratings & 184 Reviews","₹8,710","₹9,179",5% off
339,"REDMI 10A (Charcoal Black, 64 GB)",4.1,"2,579 Ratings & 184 Reviews","₹8,699",,
342,"Infinix Smart 6 Plus (Miracle Black, 64 GB)",4.3,"3,756 Ratings & 292 Reviews","₹7,499","₹9,999",25% off
343,"REDMI 10A (Sea Blue, 64 GB)",4.1,"2,579 Ratings & 184 Reviews","₹8,719","₹9,499",8% off
344,"REDMI 10 (Caribbean Green, 128 GB)",4.2,"15,301 Ratings & 1,178 Reviews","₹12,499","₹16,999",26% off
345,DIZO Star 500,4,"9,982 Ratings & 1,230 Reviews","₹1,650",,
348,"OPPO K10 (Black Carbon, 128 GB)",4.4,"4,106 Ratings & 349 Reviews","₹15,990","₹22,999",30% off
349,LAVA Gem,4.2,"7,220 Ratings & 647 Reviews","₹1,849",,
352,"realme GT 2 (Paper White, 256 GB)",4.3,662 Ratings & 98 Reviews,"₹34,099","₹44,999",24% off
353,Nokia 150 DS 2020,4.1,"18,232 Ratings & 1,449 Reviews","₹2,788",,
354,"realme 9 Pro+ 5G (Midnight Black, 128 GB)",4.4,"23,102 Ratings & 2,768 Reviews","₹27,999",,
355,"REDMI 10A SPORT (SLATE GREY, 128 GB)",4,101 Ratings & 4 Reviews,"₹10,840",,
358,"IQOO Z6 44W (Ravan Black, 128 GB)",4.3,113 Ratings & 8 Reviews,"₹14,786",,
359,Micromax X748,4.1,"2,126 Ratings & 233 Reviews",₹999,"₹2,499",60% off
360,Nokia 125 DS 2020,3.9,"5,439 Ratings & 376 Reviews","₹2,399",,
361,Nokia 105 TA-1416 DS,4.1,"2,494 Ratings & 175 Reviews","₹1,599",,
366,"Infinix Hot 12 Pro (Electric Blue, 64 GB)",4.3,"1,543 Ratings & 81 Reviews","₹9,499","₹13,999",32% off
367,"realme Narzo 30 5G (Racing Blue, 128 GB)",4.3,"80,872 Ratings & 7,120 Reviews","₹16,999","₹17,999",5% off
368,"realme 9i 5G (Rocking Black, 128 GB)",4.3,"1,493 Ratings & 97 Reviews","₹16,999","₹19,999",15% off
369,"MOTOROLA Edge 20 Fusion 5G (Electric Graphite, 128 GB)",4,"16,773 Ratings & 2,335 Reviews","₹18,999","₹24,999",24% off
370,"Redmi Note 11 (Starburst White, 64 GB)",4.2,"6,423 Ratings & 623 Reviews","₹11,829",,
371,"Redmi Note 11 (Horizon Blue, 64 GB)",4.2,"6,373 Ratings & 539 Reviews","₹14,990",,
372,"REDMI Note 10T 5G (Graphite Black, 64 GB)",4.3,"38,605 Ratings & 2,735 Reviews","₹12,999","₹16,999",23% off
373,"vivo Y15s (Mystic Blue, 32 GB)",4.3,"2,604 Ratings & 201 Reviews","₹9,499","₹13,990",32% off
374,"vivo Y15s (Wave Green, 32 GB)",4.3,"2,604 Ratings & 201 Reviews","₹9,499","₹13,990",32% off
375,"realme C11 2021 (Cool Grey, 32 GB)",4.4,"2,27,471 Ratings & 9,969 Reviews","₹7,499","₹7,999",6% off
376,"REDMI 10 (Pacific Blue, 128 GB)",4.2,"15,802 Ratings & 1,224 Reviews","₹12,499","₹16,999",26% off
377,"SAMSUNG Galaxy F22 (Denim Blue, 128 GB)",4.3,"57,237 Ratings & 5,397 Reviews","₹13,499","₹16,999",20% off
378,"realme C11 2021 (Cool Blue, 32 GB)",4.4,"2,27,471 Ratings & 9,969 Reviews","₹7,499","₹7,999",6% off
379,"MOTOROLA G62 5G (Frosted Blue, 128 GB)",4.1,"1,151 Ratings & 110 Reviews","₹15,999","₹21,999",27% off
380,"OPPO F19 Pro+ 5G (Fluid Black, 128 GB)",4.3,"11,976 Ratings & 1,252 Reviews","₹17,990","₹29,990",40% off
381,"REDMI 10 Prime (Bifrost Blue, 128 GB)",4.2,"5,207 Ratings & 388 Reviews","₹13,499","₹16,999",20% off
382,"APPLE iPhone 13 (Starlight, 256 GB)",4.7,"98,089 Ratings & 4,870 Reviews","₹68,990","₹79,900",13% off
383,"REDMI 10 Prime 2022 (Phantom Black, 64 GB)",4.2,"1,661 Ratings & 111 Reviews","₹10,987",,
384,"POCO M4 Pro (Yellow, 128 GB)",4.2,"7,005 Ratings & 667 Reviews","₹14,249","₹21,999",35% off
385,"POCO X4 Pro 5G (Yellow, 64 GB)",4.1,"33,028 Ratings & 3,308 Reviews","₹15,499","₹22,999",32% off
386,"POCO M4 5G (Yellow, 128 GB)",4.1,"12,876 Ratings & 1,079 Reviews","₹13,499","₹18,999",28% off
387,Micromax X378,3.9,"12,168 Ratings & 1,033 Reviews","₹1,499",,
388,"REDMI 10 (Midnight Black, 128 GB)",4.2,"15,802 Ratings & 1,224 Reviews","₹12,499","₹16,999",26% off
389,Itel IT2163,4.1,"12,054 Ratings & 1,016 Reviews",₹999,"₹1,099",9% off
396,"REDMI Note 10 Pro (Vintage Bronze, 128 GB)",4.3,"37,598 Ratings & 3,492 Reviews","₹15,999","₹19,999",20% off
397,"POCO X4 Pro 5G (Laser Blue, 128 GB)",4.1,"7,325 Ratings & 765 Reviews","₹18,499","₹25,999",28% off
400,"vivo V25 5G (Surfing Blue, 128 GB)",4.4,"1,364 Ratings & 136 Reviews","₹27,999","₹32,999",15% off
401,"vivo V25 5G (Elegant Black, 256 GB)",4.3,212 Ratings & 22 Reviews,"₹31,999","₹36,999",13% off
402,"vivo V25 5G (Surfing Blue, 256 GB)",4.3,212 Ratings & 22 Reviews,"₹31,999","₹36,999",13% off
403,"vivo V25 5G (Elegant Black, 128 GB)",4.4,"1,364 Ratings & 136 Reviews","₹27,999","₹32,999",15% off
406,"POCO M4 Pro 5G (Yellow, 64 GB)",4.3,"19,493 Ratings & 1,798 Reviews","₹12,999","₹16,999",23% off
407,"OPPO Reno8 5G (Shimmer Gold, 128 GB)",4.3,"19,746 Ratings & 2,786 Reviews","₹29,999","₹38,999",23% off
410,"OPPO Reno8 5G (Shimmer Black, 128 GB)",4.3,"19,746 Ratings & 2,786 Reviews","₹29,999","₹38,999",23% off
411,LAVA Flip,4.1,"12,427 Ratings & 1,200 Reviews","₹1,849",,
412,"Itel Magic2 4G( WiFi,Hotspot Tethering)",4,"15,278 Ratings & 2,322 Reviews","₹2,379",,
413,"REDMI 10A (Sea Blue, 32 GB)",4.3,163 Ratings & 12 Reviews,"₹7,500",,
415,"realme C30s (Stripe Blue, 64 GB)",4.4,229 Ratings & 14 Reviews,"₹8,999","₹11,999",25% off
416,"realme C30s (Stripe Blue, 32 GB)",4.4,375 Ratings & 11 Reviews,"₹7,499","₹9,999",25% off
417,"realme C30s (Stripe Black, 64 GB)",4.4,229 Ratings & 14 Reviews,"₹8,999","₹11,999",25% off
424,"POCO X4 Pro 5G (Laser Black, 128 GB)",4.1,"7,325 Ratings & 765 Reviews","₹18,499","₹25,999",28% off
425,"Tecno Spark 8 (Turquoise Cyan, 64 GB)",4.1,503 Ratings & 40 Reviews,"₹8,700",,
426,"Redmi 9A Sport (Carbon Black, 32 GB)",4.2,"4,954 Ratings & 392 Reviews","₹7,971","₹8,190",2% off
427,"Redmi 9A Sport (Carbon Black, 32 GB)",4.2,"18,830 Ratings & 1,449 Reviews","₹6,646","₹7,039",5% off
430,"REDMI Note 10T 5G (Graphite Black, 128 GB)",4.2,"25,214 Ratings & 1,927 Reviews","₹14,999","₹18,999",21% off
431,"Redmi 9A Sport (Metallic Blue, 32 GB)",4.2,"18,830 Ratings & 1,449 Reviews","₹6,629","₹7,098",6% off
434,Kechaoda A26,4.1,"12,888 Ratings & 956 Reviews","₹1,070",,
435,"POCO F4 5G (Night Black, 256 GB)",4.4,"1,419 Ratings & 223 Reviews","₹29,999","₹39,999",25% off
436,"REDMI 9 Activ (Carbon Black, 128 GB)",4.2,"3,021 Ratings & 199 Reviews","₹10,499","₹12,999",19% off
437,"MOTOROLA G62 5G (Midnight Gray, 128 GB)",4.1,325 Ratings & 32 Reviews,"₹17,999","₹24,999",28% off
440,Itel Ace 2N,4.1,131 Ratings & 7 Reviews,₹887,,
441,"Infinix Note 11 (Glacier Green, 128 GB)",4.2,"8,680 Ratings & 1,058 Reviews","₹11,999","₹16,999",29% off
442,"Infinix Note 11 (Celestial Snow, 64 GB)",4.3,"35,951 Ratings & 4,374 Reviews","₹9,999","₹14,999",33% off
443,"vivo T1 Pro 5G (Turbo Black, 128 GB)",4.4,"3,727 Ratings & 323 Reviews","₹23,999","₹28,990",17% off
444,"MOTOROLA g52 (Charcoal Grey, 64 GB)",4.1,"5,633 Ratings & 739 Reviews","₹12,999","₹17,999",27% off
445,"OPPO A16E (Blue, 32 GB)",4.2,270 Ratings & 8 Reviews,"₹9,490","₹13,990",32% off
450,"SAMSUNG Galaxy M32 (Light Blue, 64 GB)",4.2,"3,431 Ratings & 352 Reviews","₹12,135",,
451,"SAMSUNG Galaxy M33 5G (Emarld Brown, 128 GB)",4.2,"3,437 Ratings & 360 Reviews","₹15,583","₹16,749",6% off
454,SAMSUNG Guru Music 2,4.3,"1,91,639 Ratings & 18,006 Reviews","₹2,145",,
455,"REDMI 10A (Slate Grey, 32 GB)",4.1,478 Ratings & 45 Reviews,"₹7,765","₹10,998",29% off
458,"Google Pixel 6a (Chalk, 128 GB)",4.4,"6,834 Ratings & 900 Reviews","₹34,199","₹43,999",22% off
459,"Google Pixel 6a (Charcoal, 128 GB)",4.4,"6,834 Ratings & 900 Reviews","₹34,199","₹43,999",22% off
460,SAMSUNG Guru Music 2,4.2,"1,396 Ratings & 100 Reviews","₹2,099",,
461,"MOTOROLA Edge 30 (Meteor Grey, 128 GB)",4.2,"1,745 Ratings & 281 Reviews","₹26,999","₹34,999",22% off
464,"Itel A27 (Deep Grey, 32 GB)",4,448 Ratings & 36 Reviews,"₹5,385","₹5,649",4% off
465,Kechaoda K112,4,"17,945 Ratings & 1,930 Reviews","₹1,599",,
468,"REDMI K50i 5G (Phantom Blue, 128 GB)",4.1,126 Ratings & 17 Reviews,"₹22,990",,
469,"POCO M3 (Cool Blue, 128 GB)",4.3,"4,76,716 Ratings & 34,621 Reviews","₹14,999",,
470,"POCO M4 Pro 5G (Yellow, 128 GB)",4.2,"3,650 Ratings & 334 Reviews","₹15,999","₹21,999",27% off
471,KARBONN K9 max,4.1,"3,148 Ratings & 290 Reviews","₹1,890",,
472,"realme 9 Pro+ 5G (Aurora Green, 256 GB)",4.4,"18,683 Ratings & 2,185 Reviews","₹27,349","₹31,999",14% off
473,"realme 9 Pro+ 5G (Aurora Green, 128 GB)",4.4,"23,102 Ratings & 2,768 Reviews","₹27,999",,
478,LAVA A1 2021,4.1,"3,185 Ratings & 299 Reviews","₹1,279",,
479,"REDMI Note 11T 5G (Aquamarine Blue, 128 GB)",,,,,
482,"Tecno Spark 9 (Sky Mirror, 128 GB)",4,110 Ratings & 5 Reviews,"₹9,956",,
483,"Tecno Spark 9 (Infinity Black, 128 GB)",4,110 Ratings & 5 Reviews,"₹9,995",,
484,"Tecno Pop 5 LTE (Ice Blue, 32 GB)",4.2,335 Ratings & 24 Reviews,"₹6,631",,
485,"Tecno Pop 5 LTE (Deepsea Luster, 32 GB)",4.2,335 Ratings & 24 Reviews,"₹6,563",,
488,Kechaoda A26,4.1,"12,888 Ratings & 956 Reviews","₹1,074",,
489,"REDMI 10 Prime 2022 (Phantom Black, 64 GB)",4.2,"1,445 Ratings & 99 Reviews","₹10,987",,
492,"realme Narzo 50A (Oxygen Green, 64 GB)",4.4,"3,30,859 Ratings & 21,755 Reviews","₹10,499","₹12,999",19% off
493,"realme Narzo 50A (Oxygen Blue, 64 GB)",4.4,"3,30,859 Ratings & 21,755 Reviews","₹10,499","₹12,999",19% off
494,LAVA Hero Punch,4.1,978 Ratings & 78 Reviews,₹900,"₹1,249",27% off
498,"APPLE iPhone 13 Pro (Gold, 128 GB)",4.6,977 Ratings & 87 Reviews,"₹1,19,900",,
499,"LAVA Blaze (Glass Blue, 64 GB)",3.9,623 Ratings & 208 Reviews,"₹8,699","₹9,699",10% off
500,"APPLE iPhone 12 Mini (White, 128 GB)",4.5,"1,09,424 Ratings & 8,752 Reviews","₹46,990","₹64,900",27% off
501,Micromax X378,3.9,"12,168 Ratings & 1,033 Reviews",₹999,,
506,"SAMSUNG Galaxy F12 (Sky Blue, 128 GB)",4.3,"2,92,552 Ratings & 23,312 Reviews","₹11,499","₹13,999",17% off
507,"APPLE iPhone 13 (Blue, 256 GB)",4.7,"79,146 Ratings & 3,488 Reviews","₹68,990","₹79,900",13% off
508,Nokia 150 DS 2020,4.1,"18,232 Ratings & 1,449 Reviews","₹2,685",,
509,"REDMI 11 Prime 5G (Meadow Green, 64 GB)",4.4,30 Ratings & 1 Reviews,"₹12,988",,
512,Micromax X413,4,"2,294 Ratings & 195 Reviews",₹999,,
513,"Infinix Note 11 (Graphite Black, 128 GB)",4.2,"8,680 Ratings & 1,058 Reviews","₹11,999","₹16,999",29% off
516,"Infinix Note 11 (Celestial Snow, 128 GB)",4.2,"8,680 Ratings & 1,058 Reviews","₹11,999","₹16,999",29% off
517,BlackZone ECO X,4,"7,301 Ratings & 486 Reviews","₹1,380","₹1,470",6% off
518,"Tecno Pop 5 LTE (Turquoise Cyan, 32 GB)",4.2,335 Ratings & 24 Reviews,"₹6,590",,
519,BlackZone ECO X,4,"7,301 Ratings & 486 Reviews","₹1,439","₹1,470",2% off
522,"vivo T1 Pro 5G (Turbo Black, 128 GB)",4.4,"7,863 Ratings & 850 Reviews","₹24,999","₹30,990",19% off
523,"vivo T1 Pro 5G (Turbo Cyan, 128 GB)",4.4,"7,863 Ratings & 850 Reviews","₹24,999","₹30,990",19% off
526,"OPPO A16E (Blue, 64 GB)",4.2,738 Ratings & 37 Reviews,"₹9,999","₹15,990",37% off
527,"OPPO A16E (White, 32 GB)",4.2,270 Ratings & 8 Reviews,"₹9,490","₹13,990",32% off
528,"REDMI Note 11T 5G (Aquamarine Blue, 128 GB)",4.2,"3,858 Ratings & 319 Reviews","₹15,980",,
529,"REDMI Note 11T 5G (Stardust White, 128 GB)",4.2,"3,858 Ratings & 319 Reviews","₹15,813",,
536,Nokia 105 PLUS,4.1,"1,825 Ratings & 139 Reviews","₹1,699",,
540,"Itel A27 (Silver Purple, 32 GB)",4,448 Ratings & 36 Reviews,"₹5,195","₹5,599",7% off
541,Itel IT2163,4.1,"12,054 Ratings & 1,016 Reviews","₹1,092",,
542,"SAMSUNG GALAXY M13 (Midnight Blue, 128 GB)",4,11 Ratings & 1 Reviews,"₹13,949",,
543,"REDMI Note 11S (Polar White, 128 GB)",4.1,454 Ratings & 41 Reviews,"₹17,490",,
546,"Redmi Note 11 (Starburst White, 128 GB)",4.2,"6,373 Ratings & 539 Reviews","₹15,798","₹16,285",2% off
547,"OnePlus Nord 2T 5G (Gray Shadow, 256 GB)",4.4,665 Ratings & 54 Reviews,"₹33,995",,
550,"POCO M5 (Yellow, 128 GB)",4.4,167 Ratings & 9 Reviews,"₹14,499","₹18,999",23% off
551,"MOTOROLA g82 5G(White Lily, 128 GB)",4.1,"2,501 Ratings & 362 Reviews","₹19,999","₹23,999",16% off
552,"MOTOROLA Edge 20 Fusion 5G (Cyber Teal, 128 GB)",4,"16,773 Ratings & 2,335 Reviews","₹18,999","₹24,999",24% off
553,"SAMSUNG Galaxy A03 (Black, 32 GB)",4.2,199 Ratings & 17 Reviews,"₹9,950",,
554,"SAMSUNG Galaxy M33 5G (Deep Ocean Blue, 128 GB)",4.3,119 Ratings & 8 Reviews,"₹17,988",,
555,"Infinix Note 12 TURBO (Jewel Blue, 128 GB)",4.2,"5,232 Ratings & 715 Reviews","₹13,999","₹19,999",30% off
556,"MOTOROLA g82 5G (Meterorite Grey, 128 GB)",4.1,"2,501 Ratings & 362 Reviews","₹19,999","₹23,999",16% off
557,LAVA A7 Star,4.1,100 Ratings & 14 Reviews,"₹1,529","₹1,849",17% off
564,"realme 9 Pro+ 5G (Midnight Black, 128 GB)",4.4,"18,683 Ratings & 2,185 Reviews","₹25,349","₹29,999",15% off
565,"MOTOROLA g82 5G (Meterorite Grey, 128 GB)",4.2,"2,232 Ratings & 334 Reviews","₹19,999","₹23,999",16% off
566,"REDMI 10A SPORT (SEA BLUE, 128 GB)",4,101 Ratings & 4 Reviews,"₹11,495",,
570,Kechaoda K66 The Music House 4,3.9,"13,923 Ratings & 1,112 Reviews","₹1,140",,
571,"REDMI A1 (Light Blue, 32 GB)",4.2,19 Ratings & 2 Reviews,"₹6,608",,
574,"REDMI A1 (Light Green, 32 GB)",4.2,19 Ratings & 2 Reviews,"₹6,666",,
575,"REDMI A1 (Black, 32 GB)",4.2,19 Ratings & 2 Reviews,"₹6,662",,
576,Micromax X778,3.9,"1,654 Ratings & 155 Reviews","₹1,448",,
577,Motorola a50,4.1,"1,100 Ratings & 115 Reviews","₹1,699","₹1,999",15% off
580,"realme GT 2 (Steel Black, 256 GB)",4.3,662 Ratings & 98 Reviews,"₹34,099","₹44,999",24% off
582,Nokia 105SS PLUS,3.9,388 Ratings & 22 Reviews,"₹1,412","₹1,532",7% off
583,"REDMI 10 Prime (Astral White, 64 GB)",4.2,"9,655 Ratings & 731 Reviews","₹10,780",,
584,Kechaoda K66 The Music House 4,3.9,"13,923 Ratings & 1,112 Reviews","₹1,199","₹1,280",6% off
585,"realme Narzo 50A (Oxygen Blue, 128 GB)",4.4,"3,30,859 Ratings & 21,755 Reviews","₹11,499","₹13,999",17% off
589,Motorola a50,4.1,"1,135 Ratings & 116 Reviews","₹1,699","₹1,999",15% off
590,"Tecno Pova Neo (Obsidian Black, 128 GB)",4.1,376 Ratings & 27 Reviews,"₹11,999","₹15,400",22% off
593,"Tecno Pova Neo (Geek Blue, 128 GB)",4.1,376 Ratings & 27 Reviews,"₹11,189","₹12,499",10% off
594,SAMSUNG Guru 1200,4,"6,389 Ratings & 471 Reviews","₹1,665",,
597,"REDMI 10 Prime (Phantom Black, 64 GB)",4.2,"9,854 Ratings & 739 Reviews","₹11,199",,
598,"Infinix Hot 11 2022 (Sunset Gold, 64 GB)",4.2,"10,939 Ratings & 928 Reviews","₹8,999","₹12,999",30% off
599,"Infinix Note 11s (Haze Green, 64 GB)",4.3,"10,904 Ratings & 1,473 Reviews","₹11,999","₹16,999",29% off
600,Kechaoda K115,4.1,"27,384 Ratings & 2,155 Reviews","₹1,139","₹1,149",
603,"OPPO A31 (Mystery Black, 128 GB)",4.3,"29,195 Ratings & 1,854 Reviews","₹12,989","₹13,489",3% off
604,"vivo T1 Pro 5G (Turbo Cyan, 128 GB)",4.4,"3,727 Ratings & 319 Reviews","₹23,999","₹28,990",17% off
607,Nokia 110 Dual Sim 2022,,,,,
608,Kechaoda K115,4.1,"27,384 Ratings & 2,155 Reviews","₹1,133",,
609,"MOTOROLA Edge 30 Fusion (Cosmic grey, 128 GB)",4.4,521 Ratings & 96 Reviews,"₹42,999","₹49,999",14% off
610,Itel it5026,4.1,886 Ratings & 88 Reviews,"₹1,309","₹1,369",4% off
612,"POCO M5 (Yellow, 128 GB)",4.3,218 Ratings & 14 Reviews,"₹14,499","₹18,999",23% off
617,Kechaoda A26,4.1,"12,888 Ratings & 956 Reviews","₹1,087",,
618,LAVA A1 2021,4.1,"3,266 Ratings & 305 Reviews","₹1,087","₹1,279",15% off
621,"REDMI Note 11S (Space Black, 128 GB)",4.2,"1,168 Ratings & 104 Reviews","₹15,699",,
622,"REDMI Note 11T 5G (Aquamarine Blue, 128 GB)",4.2,"1,633 Ratings & 156 Reviews","₹16,970","₹17,799",4% off
623,"REDMI Note 10S (Cosmic Purple, 64 GB)",4.4,"75,498 Ratings & 5,107 Reviews","₹13,999","₹16,999",17% off
624,LAVA Flip,4.1,"12,427 Ratings & 1,200 Reviews","₹1,911","₹2,099",8% off
628,"Xiaomi 11i 5G (Stealth Black, 128 GB)",4.2,"18,128 Ratings & 2,286 Reviews","₹26,999","₹31,999",15% off
631,"POCO M5 (Icy Blue, 64 GB)",4.4,377 Ratings & 30 Reviews,"₹12,499","₹15,999",21% off
632,"REDMI Note 10S (Deep Sea Blue, 64 GB)",4.4,"75,498 Ratings & 5,107 Reviews","₹13,999","₹16,999",17% off
633,"OnePlus Nord CE 2 Lite 5G (Black Dusk, 128 GB)",4.4,"23,090 Ratings & 2,022 Reviews","₹19,996",,
634,"OnePlus Nord CE 2 Lite 5G (Blue Tide, 128 GB)",4.4,"23,090 Ratings & 2,022 Reviews","₹19,998",,
637,Kechaoda A20,4,24 Ratings & 1 Reviews,₹999,,
638,"OPPO F19 Pro (Fluid Black, 256 GB)",4.3,"8,799 Ratings & 719 Reviews","₹18,990","₹25,990",26% off
640,Itel U20,4,604 Ratings & 51 Reviews,"₹1,059","₹1,179",10% off
645,LAVA A1,4.2,"20,140 Ratings & 1,912 Reviews","₹1,049",,
646,Nokia 105 PLUS,4.1,"1,825 Ratings & 139 Reviews","₹1,899",,
647,"realme 9 Pro+ 5G (Aurora Green, 128 GB)",4.4,"18,683 Ratings & 2,185 Reviews","₹25,349","₹29,999",15% off
648,"realme 9 Pro+ 5G (Sunrise Blue, 256 GB)",4.4,"18,683 Ratings & 2,185 Reviews","₹27,349","₹31,999",14% off
651,"realme 9 Pro+ 5G (Sunrise Blue, 128 GB)",4.4,"18,683 Ratings & 2,185 Reviews","₹25,349","₹29,999",15% off
652,"realme 9 Pro+ 5G (Midnight Black, 256 GB)",4.4,"18,683 Ratings & 2,185 Reviews","₹27,349","₹31,999",14% off
655,KARBONN Jumbo K9,4,"12,204 Ratings & 1,258 Reviews","₹1,320","₹1,330",
656,"Redmi Note 11 (Horizon Blue, 128 GB)",4.2,"6,373 Ratings & 539 Reviews","₹14,490",,
657,"vivo V25 Pro 5G (Pure Black, 128 GB)",4.4,"2,252 Ratings & 312 Reviews","₹35,999","₹39,999",10% off
658,"OPPO A16E (Midnight Black, 64 GB)",4.2,738 Ratings & 37 Reviews,"₹9,999","₹15,990",37% off
661,"OPPO A16E (Midnight Black, 32 GB)",4.2,270 Ratings & 8 Reviews,"₹9,490","₹13,990",32% off
662,Itel Ace 2N,4.1,131 Ratings & 7 Reviews,₹899,,
665,"REDMI 10 Prime 2022 (Bifrost Blue, 64 GB)",4.2,"1,445 Ratings & 99 Reviews","₹12,998",,
666,"vivo Y21A (Midnight Blue, 64 GB)",4.3,"1,687 Ratings & 131 Reviews","₹12,989","₹17,990",27% off
667,"Itel A23S (Sky Cyan, 32 GB)",3.4,13 Ratings & 0 Reviews,"₹4,997",,
668,"POCO M5 (Power Black, 128 GB)",4.4,167 Ratings & 9 Reviews,"₹14,499","₹18,999",23% off
675,"Infinix Hot 11S (Green Wave, 128 GB)",4.3,"44,098 Ratings & 4,800 Reviews","₹10,999","₹14,999",26% off
676,"Infinix Hot 11S (7° Purple, 128 GB)",4.3,"44,098 Ratings & 4,800 Reviews","₹10,999","₹14,999",26% off
678,IAIR D10,4,37 Ratings & 19 Reviews,"₹1,161","₹1,199",3% off
679,Nokia 110 TA-1302 DS,4,"24,006 Ratings & 1,909 Reviews","₹1,929",,
680,Itel it2175,4,148 Ratings & 20 Reviews,"₹1,096","₹1,109",1% off
681,Itel it5026,4,885 Ratings & 88 Reviews,"₹1,309","₹1,369",4% off
682,Kechaoda K33,4,"7,833 Ratings & 528 Reviews","₹1,149",,
685,"Tecno Pova 3 (Eco Black, 64 GB)",4.2,24 Ratings & 0 Reviews,"₹12,999",,
686,KARBONN K140 Pop,3.9,"5,081 Ratings & 444 Reviews",₹999,,
689,Kechaoda K55,3.8,72 Ratings & 5 Reviews,"₹1,210",,
690,"Tecno SPARK 7 Pro (Alps Blue, 64 GB)",4.2,"1,417 Ratings & 84 Reviews","₹10,025",,
691,SAMSUNG Metro 313 Dual Sim,4.3,"23,184 Ratings & 2,391 Reviews","₹2,250","₹2,340",3% off
692,"realme C25_Y (Glacier Blue, 64 GB)",4.5,"43,027 Ratings & 2,102 Reviews","₹10,999","₹12,999",15% off
693,"OnePlus Nord CE 2 Lite 5G (Black Dusk, 128 GB)",4.4,"22,030 Ratings & 1,937 Reviews","₹19,999",,
694,"REDMI 9 Prime (Matte Black, 128 GB)",4.4,"2,25,079 Ratings & 15,235 Reviews","₹12,990","₹13,599",4% off
695,SAMSUNG Guru Music 2,4.3,"1,91,639 Ratings & 18,006 Reviews","₹2,340","₹2,490",6% off
696,"Infinix Note 11s Free Fire Edition (Haze Green, 128 GB)",4.2,"6,425 Ratings & 877 Reviews","₹13,999","₹18,999",26% off
703,"realme GT 2 (Paper Green, 128 GB)",4.3,"3,094 Ratings & 435 Reviews","₹30,199","₹39,999",24% off
704,"Tecno Spark 9T (Turquoise Cyan, 64 GB)",4.2,6 Ratings & 0 Reviews,"₹9,834",,
705,"Tecno Spark 9T (Atlantic Blue, 64 GB)",4.2,6 Ratings & 0 Reviews,"₹9,770",,
706,"Tecno Spark 9 (Sky Mirror, 64 GB)",4.3,9 Ratings & 0 Reviews,"₹9,430",,
707,IAIR D23,4.1,31 Ratings & 8 Reviews,"₹1,097","₹1,099",
710,"Infinix Note 11s (Mithril Grey, 64 GB)",4.3,"10,904 Ratings & 1,473 Reviews","₹11,999","₹16,999",29% off
713,Kechaoda K33,4,"7,804 Ratings & 525 Reviews","₹1,149",,
714,"vivo Y21T (Pearl White, 128 GB)",4.4,"1,245 Ratings & 90 Reviews","₹15,499","₹19,990",22% off
715,"MOTOROLA g22 (Mint Green, 64 GB)",3.7,"19,034 Ratings & 2,381 Reviews","₹9,999","₹13,999",28% off
716,"SAMSUNG Galaxy M32 (Black, 64 GB)",4.2,"3,429 Ratings & 353 Reviews","₹11,816",,
719,Kechaoda A26,4.1,"12,825 Ratings & 951 Reviews","₹1,074","₹1,190",9% off
720,"APPLE iPhone 13 (Pink, 256 GB)",4.7,"79,146 Ratings & 3,488 Reviews","₹69,990","₹79,900",12% off
721,"realme Narzo 50i (Mint Green, 32 GB)",4.5,"1,16,450 Ratings & 4,621 Reviews","₹6,499","₹7,999",18% off
722,"realme Narzo 50i (Carbon Black, 32 GB)",4.5,"1,16,450 Ratings & 4,621 Reviews","₹6,499","₹7,999",18% off
723,Itel Power 100 New,4.2,627 Ratings & 43 Reviews,"₹1,289","₹1,399",7% off
724,"Infinix Smart 5A (Midnight Black, 32 GB)",4.3,"76,417 Ratings & 5,262 Reviews","₹7,199","₹7,999",10% off
729,"Infinix Smart 5A (Ocean Wave, 32 GB)",4.3,"76,417 Ratings & 5,262 Reviews","₹7,199","₹7,999",10% off
730,"MOTOROLA Edge 30 Ultra (Interstellar Black, 128 GB)",4.6,200 Ratings & 45 Reviews,"₹59,999","₹69,999",14% off
733,"POCO M2 Reloaded (Greyish Black, 64 GB)",4.3,"65,883 Ratings & 4,577 Reviews","₹10,890",,
734,KARBONN K9 Mini,3.7,"2,232 Ratings & 138 Reviews",₹999,,
737,"SAMSUNG Galaxy M32 (Black, 64 GB)",4.2,"3,431 Ratings & 352 Reviews","₹11,816",,
738,"SAMSUNG Galaxy S22 Plus 5G (Phantom Black, 128 GB)",4.6,506 Ratings & 52 Reviews,"₹69,999","₹1,01,999",31% off
739,"Redmi Note 11 (Starburst White, 64 GB)",4.2,"6,423 Ratings & 623 Reviews","₹11,830",,
740,"Redmi Note 11 (Starburst White, 64 GB)",4.2,"6,373 Ratings & 539 Reviews","₹13,698","₹14,899",8% off
743,"Infinix Note 11s Free Fire Edition (Mithril Grey, 128 GB)",4.3,"6,480 Ratings & 882 Reviews","₹13,999","₹18,999",26% off
744,"Infinix Note 11s Free Fire Edition (Haze Green, 128 GB)",4.3,"6,480 Ratings & 882 Reviews","₹13,999","₹18,999",26% off
747,"Itel A23S (Ocean Blue, 32 GB)",3.4,13 Ratings & 0 Reviews,"₹4,999",,
748,"POCO M3 Pro 5G (Cool Blue, 128 GB)",4.2,"50,241 Ratings & 4,293 Reviews","₹16,499","₹17,999",8% off
749,"IQOO Z6 44W (Lumina Blue, 128 GB)",4.3,180 Ratings & 14 Reviews,"₹16,399",,
750,"IQOO Z6 44W (Ravan Black, 128 GB)",4.3,180 Ratings & 14 Reviews,"₹16,399",,
752,Kechaoda K115,4.1,"27,384 Ratings & 2,155 Reviews","₹1,180",,
757,"SAMSUNG GALAXY M13 (Stardust Brown, 128 GB)",4,11 Ratings & 1 Reviews,"₹12,999",,
758,"POCO M5 (Power Black, 64 GB)",4.5,269 Ratings & 22 Reviews,"₹12,499","₹15,999",21% off
759,"OPPO A57 (Glowing Green, 64 GB)",4.5,"1,496 Ratings & 80 Reviews","₹13,999","₹16,990",17% off
761,"REDMI Note 10S (Frost White, 64 GB)",4.4,"75,498 Ratings & 5,107 Reviews","₹13,999","₹16,999",17% off
762,"POCO M3 Pro 5G (Cool Blue, 64 GB)",4.3,"61,232 Ratings & 4,748 Reviews","₹14,499","₹15,999",9% off
763,Good One FLIP,4.1,269 Ratings & 36 Reviews,"₹1,399","₹1,497",6% off
764,"SAMSUNG Galaxy A23 (Black, 128 GB)",4.2,436 Ratings & 36 Reviews,"₹17,499","₹23,990",27% off
765,"Tecno Spark Go 2022 (ice silver, 32 GB)",4.2,497 Ratings & 35 Reviews,"₹6,963",,
766,"Infinix Hot 11S (Polar Black, 64 GB)",4.3,"44,098 Ratings & 4,800 Reviews","₹9,999","₹13,999",28% off
767,"Infinix Hot 11S (Green Wave, 64 GB)",4.3,"44,098 Ratings & 4,800 Reviews","₹9,999","₹13,999",28% off
768,"OPPO Reno7 Pro 5G (Starlight Black, 256 GB)",4.3,"6,040 Ratings & 866 Reviews","₹34,999","₹47,990",27% off
769,"Tecno Spark 8 (Atlantic Blue, 64 GB)",4.1,503 Ratings & 38 Reviews,"₹8,729","₹9,999",12% off
770,"POCO F4 5G (Nebula Green, 256 GB)",4.4,"1,419 Ratings & 223 Reviews","₹29,999","₹39,999",25% off
771,Micromax X416,4,380 Ratings & 40 Reviews,₹999,,
772,Itel Power 430,2.8,4 Ratings & 0 Reviews,"₹1,636",,
773,"IQOO Z6 44W (Lumina Blue, 128 GB)",4.3,113 Ratings & 8 Reviews,"₹14,898",,
774,"Xiaomi 11i 5G (Pacific Pearl, 128 GB)",4.2,"17,644 Ratings & 2,233 Reviews","₹26,999","₹31,999",15% off
775,"REDMI Note 10S (Shadow Black, 64 GB)",4.4,"75,498 Ratings & 5,107 Reviews","₹13,999","₹16,999",17% off
776,"realme 8 (Cyber Silver, 128 GB)",4.4,"1,19,981 Ratings & 9,915 Reviews","₹16,999","₹17,999",5% off
777,SAMSUNG Guru Music 2,4.3,"1,91,639 Ratings & 18,006 Reviews","₹2,349","₹2,490",5% off
778,"Redmi 8A Dual (Sea Blue, 64 GB)",4.2,"18,025 Ratings & 1,180 Reviews","₹9,490",,
779,"OPPO A96 (Starry Black, 128 GB)",4.3,659 Ratings & 64 Reviews,"₹17,999","₹23,999",25% off
780,"realme C25 (Watery Blue, 64 GB)",4.4,"43,926 Ratings & 2,295 Reviews","₹10,999",,
785,KARBONN K9,4.1,"7,330 Ratings & 630 Reviews","₹1,390","₹1,398",
786,Nokia 110 TA-1302 DS,4,"24,006 Ratings & 1,909 Reviews","₹2,099",,
787,"OPPO A54 (Moonlight Gold, 64 GB)",4.4,"10,196 Ratings & 638 Reviews","₹12,990",,
791,GREENBERRI SPARK,3.4,190 Ratings & 18 Reviews,₹799,,
792,"Redmi Note 11 (Starburst White, 64 GB)",4.2,"6,275 Ratings & 609 Reviews","₹12,090","₹12,999",6% off
795,"OnePlus 10R 5G (Prime Blue, 128 GB)",,,,,
796,LAVA A1,4.2,"1,06,733 Ratings & 11,400 Reviews","₹1,049",,
797,Nokia 105 SS 2021,4.2,"81,513 Ratings & 6,174 Reviews","₹1,599",,
798,SAMSUNG GURU 1200,4,780 Ratings & 61 Reviews,"₹1,680",,
801,Nokia 105 DS 2020,4.2,"26,798 Ratings & 2,034 Reviews","₹1,699",,
805,"REDMI Note 10 Pro Max (Glacial Blue, 128 GB)",4.3,"12,729 Ratings & 932 Reviews","₹18,800",,
806,"SAMSUNG Galaxy M32 (Black, 128 GB)",4.2,"3,385 Ratings & 307 Reviews","₹14,166",,
807,Itel It2171,4.1,"3,179 Ratings & 303 Reviews","₹1,049","₹1,149",8% off
808,"REDMI Note 11S (Space Black, 64 GB)",4.2,"1,165 Ratings & 104 Reviews","₹15,749","₹16,590",5% off
815,"vivo Y22 (Starlit Blue, 64 GB)",4,21 Ratings & 0 Reviews,"₹14,499","₹17,990",19% off
819,Itel Ace Young Without Charger,4,"2,399 Ratings & 169 Reviews","₹1,049",,
820,"REDMI Note 10 Pro (Dark Night, 128 GB)",4.3,"37,598 Ratings & 3,492 Reviews","₹15,999","₹19,999",20% off
821,"SAMSUNG Galaxy A22 5G (Violet, 128 GB)",4.2,"2,248 Ratings & 214 Reviews","₹16,499","₹18,999",13% off
822,"realme C21Y (Cross Black, 64 GB)",4.5,"2,49,153 Ratings & 9,484 Reviews","₹10,499","₹10,999",4% off
825,"realme C21Y (Cross Blue, 64 GB)",4.5,"2,49,153 Ratings & 9,484 Reviews","₹10,499","₹10,999",4% off
826,Itel Muzik 110,4,254 Ratings & 25 Reviews,"₹1,244","₹1,299",4% off
829,"OPPO A54 (Starry Blue, 128 GB)",4.3,"3,782 Ratings & 215 Reviews","₹14,990",,
830,"APPLE iPhone 14 (Purple, 128 GB)",4.6,191 Ratings & 9 Reviews,"₹79,900",,
831,Kechaoda A27,4.1,"5,938 Ratings & 475 Reviews","₹1,074","₹1,170",8% off
834,Kechaoda A27,4.1,"5,938 Ratings & 475 Reviews","₹1,075","₹1,190",9% off
835,"OnePlus Nord CE 2 Lite 5G (Black Dusk, 128 GB)",4.4,"23,090 Ratings & 2,022 Reviews","₹19,990",,
836,GFive U707,3.6,"10,562 Ratings & 998 Reviews",₹749,,
843,"MOTOROLA g42 (Atlantic Green, 64 GB)",4.1,"1,451 Ratings & 201 Reviews","₹12,999","₹16,999",23% off
844,Kechaoda A27,4.1,"5,904 Ratings & 476 Reviews","₹1,074","₹1,170",8% off
845,"Redmi Note 11 PRO Plus 5G (Stealth Black, 128 GB)",4.2,"2,940 Ratings & 270 Reviews","₹19,979",,
846,"SAMSUNG Galaxy A23 (Blue, 128 GB)",4.2,436 Ratings & 36 Reviews,"₹17,499","₹23,990",27% off
849,"POCO F4 5G (Nebula Green, 128 GB)",4.3,"2,779 Ratings & 412 Reviews","₹25,499","₹34,999",27% off
850,"10 Prime (Astral White, 64 GB)",,,,,
853,"realme Narzo 50A (Oxygen Green, 128 GB)",4.4,"3,30,859 Ratings & 21,755 Reviews","₹11,499","₹13,999",17% off
854,"Xiaomi 11T Pro 5G Hyperphone (Moonlight White, 256 GB)",4,361 Ratings & 44 Reviews,"₹35,990","₹40,990",12% off
855,"Tecno Spark 9 (Infinity Black, 64 GB)",4.3,9 Ratings & 0 Reviews,"₹9,490",,
856,"vivo Y21T (Midnight Blue, 128 GB)",4.4,"1,245 Ratings & 90 Reviews","₹15,499","₹19,990",22% off
859,"Itel A23S (Sky Black, 32 GB)",3.4,13 Ratings & 0 Reviews,"₹4,999",,
860,"vivo Y75 (Dancing waves, 128 GB)",4.2,915 Ratings & 84 Reviews,"₹25,990",,
861,"OPPO A16E (White, 64 GB)",4.2,738 Ratings & 37 Reviews,"₹9,999","₹15,990",37% off
862,BlackZone B310,3.8,"2,967 Ratings & 242 Reviews",₹859,,
864,Energizer Hardcase E100,3.8,807 Ratings & 99 Reviews,"₹1,099",,
869,"realme 8i (Space Black, 64 GB)",4.5,"1,64,670 Ratings & 10,483 Reviews","₹13,999","₹15,999",12% off
870,"realme 8i (Space Purple, 64 GB)",4.5,"1,64,670 Ratings & 10,483 Reviews","₹13,999","₹15,999",12% off
873,"Itel A49 (Dome Blue, 32 GB)",4.1,171 Ratings & 12 Reviews,"₹6,145","₹6,384",3% off
874,"Itel A49 (Sky Cyan, 32 GB)",4.1,171 Ratings & 12 Reviews,"₹5,970",,
877,Snexian Guru 5071,3.5,4 Ratings & 0 Reviews,₹899,,
878,"SAMSUNG Galaxy M52 5G (Blazing Black, 128 GB)",4.2,"1,802 Ratings & 185 Reviews","₹23,800",,
879,"REDMI 10 Power (Sporty Orange, 128 GB)",4,262 Ratings & 16 Reviews,"₹13,998","₹15,990",12% off
880,"Redmi Note 11 PRO Plus 5G (Stealth Black, 256 GB)",4.2,"1,246 Ratings & 115 Reviews","₹23,980",,
883,"Redmi Note 11 PRO Plus 5G (Mirage Blue, 128 GB)",4.2,"1,246 Ratings & 115 Reviews","₹21,599","₹23,558",8% off
884,"Redmi Note 11 PRO Plus 5G (Mirage Blue, 256 GB)",4.2,"1,246 Ratings & 115 Reviews","₹24,480",,
887,"Redmi Note 11 PRO Plus 5G (Phantom White, 128 GB)",4.2,"2,940 Ratings & 270 Reviews","₹19,870",,
888,"SAMSUNG Galaxy A53 (Awesome Peach, 256 GB)",4.1,758 Ratings & 94 Reviews,"₹34,999","₹42,999",18% off
889,"Redmi Note 11 PRO Plus 5G (Mirage Blue, 128 GB)",4.2,"2,940 Ratings & 270 Reviews","₹19,988",,
890,"Redmi Note 11 PRO Plus 5G (Mirage Blue, 128 GB)",4.2,"2,940 Ratings & 270 Reviews","₹19,685",,
891,"Redmi Note 11 PRO Plus 5G (Mirage Blue, 128 GB)",4.2,"1,246 Ratings & 115 Reviews","₹22,990",,
892,"REDMI 10 Prime (Bifrost Blue, 128 GB)",4.2,"4,886 Ratings & 374 Reviews","₹14,490",,
897,"realme 8 (Cyber Black, 128 GB)",4.4,"1,17,804 Ratings & 10,453 Reviews","₹15,999","₹16,999",5% off
898,"Tecno Spark 8C (Magnet Black, 64 GB)",4.3,83 Ratings & 9 Reviews,"₹9,234",,
901,"Tecno Spark 8C (Iris Purple, 64 GB)",4.3,83 Ratings & 9 Reviews,"₹9,490",,
902,"SAMSUNG S20FE 5G (Cloud Mint, 128 GB)",,,,,
903,"Tecno Spark 8C (Diamond Grey, 64 GB)",4.2,368 Ratings & 27 Reviews,"₹8,380",,
904,"Tecno Spark 8C (Magnet Black, 64 GB)",4.2,368 Ratings & 27 Reviews,"₹8,499","₹8,890",4% off
907,"Tecno Spark 8C (Turquoise Cyan, 64 GB)",4.3,83 Ratings & 9 Reviews,"₹9,289",,
908,"REDMI 10 Power (Power Black, 128 GB)",4,262 Ratings & 16 Reviews,"₹13,998","₹14,510",3% off
911,"SAMSUNG Galaxy A12 (Black, 64 GB)",4.1,"4,611 Ratings & 377 Reviews","₹15,999",,
912,Kechaoda A2,,,,,
913,"SAMSUNG Galaxy A33 (Awesome Black, 128 GB)",4,790 Ratings & 81 Reviews,"₹24,499","₹32,990",25% off
914,Itel it5026,4.1,886 Ratings & 88 Reviews,"₹1,347","₹1,369",1% off
917,"OPPO A16 (Crystal Black, 64 GB)",4.3,"3,327 Ratings & 240 Reviews","₹12,990","₹15,990",18% off
918,"realme 8 5G (Supersonic Black, 128 GB)",4.4,"69,127 Ratings & 5,689 Reviews","₹18,499","₹18,999",2% off
920,"realme GT NEO 2 (NEO Black, 256 GB)",4.4,"4,272 Ratings & 616 Reviews","₹35,999","₹38,999",7% off
925,"OPPO A77 (Sky Blue, 128 GB)",4.6,53 Ratings & 4 Reviews,"₹16,499","₹19,999",17% off
926,"OPPO A77 (Sunset Orange, 128 GB)",4.6,53 Ratings & 4 Reviews,"₹16,499","₹19,999",17% off
927,"OPPO A77 (Sky Blue, 64 GB)",4.6,53 Ratings & 4 Reviews,"₹15,499","₹18,999",18% off
928,"realme GT NEO 2 (NEO Black, 256 GB)",4.4,"4,267 Ratings & 617 Reviews","₹35,999","₹38,999",7% off
931,LAVA A5,4.1,"11,814 Ratings & 1,127 Reviews","₹1,550",,
932,Kechaoda K9,4.1,"2,431 Ratings & 233 Reviews","₹1,375",,
935,"OPPO A16 (Crystal Black, 64 GB)",4.3,"3,288 Ratings & 235 Reviews","₹12,990","₹15,990",18% off
937,"SAMSUNG GALAXY M13 5G (Midnight Blue, 128 GB)",4.2,32 Ratings & 4 Reviews,"₹16,669",,
938,Grabo ECO 1.8,3.7,971 Ratings & 82 Reviews,₹719,₹759,5% off
941,Itel it2163S,4,238 Ratings & 25 Reviews,₹997,₹999,
942,Itel it2163S,4,238 Ratings & 25 Reviews,"₹1,019",,
945,Snexian BOLD 007,2.8,4 Ratings & 0 Reviews,₹989,,
947,"SAMSUNG Galaxy A52 (Awesome Black, 128 GB)",4.3,"2,025 Ratings & 253 Reviews","₹24,590","₹24,990",1% off
948,Nokia 125 TA-1253 DS,4,"2,524 Ratings & 178 Reviews","₹2,379",,
955,"SAMSUNG Galaxy F12 (Celestial Black, 64 GB)",4.3,"2,92,552 Ratings & 23,312 Reviews","₹10,499","₹12,999",19% off
956,"APPLE iPhone 14 (Blue, 128 GB)",4.7,161 Ratings & 4 Reviews,"₹79,900",,
959,"Infinix Hot 11 2022 (Polar Black, 64 GB)",4.2,"10,724 Ratings & 903 Reviews","₹8,999","₹12,999",30% off
960,"vivo Y21 (Midnight Blue, 64 GB)",4.3,"13,861 Ratings & 1,061 Reviews","₹13,499","₹17,990",24% off
961,Snexian Rock,4,"11,328 Ratings & 724 Reviews","₹1,285","₹1,999",35% off
962,"REDMI Note 10 Lite (Glacier White, 128 GB)",4.3,741 Ratings & 59 Reviews,"₹15,289","₹15,799",3% off
965,"REDMI Note 10S (Shadow Black, 128 GB)",4.2,"6,459 Ratings & 601 Reviews","₹16,499","₹20,999",21% off
966,"SAMSUNG Galaxy A23 (Peach, 128 GB)",4.3,253 Ratings & 21 Reviews,"₹18,999","₹25,490",25% off
969,LAVA A5,4.1,"11,814 Ratings & 1,127 Reviews","₹1,410","₹1,590",11% off
970,Kechaoda K116,3.9,"5,726 Ratings & 454 Reviews","₹1,199",,
971,"OnePlus Nord 2T 5G (Gray Shadow, 256 GB)",4.4,615 Ratings & 53 Reviews,"₹33,990",,
972,"SAMSUNG Galaxy A73 5G (Awesome Mint, 256 GB)",4.2,939 Ratings & 131 Reviews,"₹44,999","₹49,990",9% off
973,"Nokia C21 Plus (Grey, 32 GB)",3.6,9 Ratings & 2 Reviews,"₹11,999",,
974,"Nokia C21 Plus (Cyan, 64 GB)",3.7,49 Ratings & 10 Reviews,"₹11,290",,
975,"Infinix Note 10 Pro (Nordic Secret, 256 GB)",4.2,"12,098 Ratings & 1,626 Reviews","₹16,999","₹19,999",15% off
976,"realme C25Y (Metal Grey, 64 GB)",4.4,"1,36,038 Ratings & 5,885 Reviews","₹10,999","₹12,999",15% off
983,"Redmi 9A (Midnight Black, 32 GB)",4.3,"20,870 Ratings & 1,243 Reviews","₹7,889",,
984,"APPLE iPhone 13 Pro (Graphite, 256 GB)",4.6,977 Ratings & 87 Reviews,"₹1,29,900",,
985,"realme C25Y (Metal Grey, 64 GB)",4.4,"1,36,223 Ratings & 5,896 Reviews","₹10,999","₹12,999",15% off
986,"SAMSUNG Galaxy A53 (Awesome Peach, 128 GB)",4.1,758 Ratings & 94 Reviews,"₹31,999","₹39,990",19% off
989,"OPPO A31 (Fantasy White, 128 GB)",4.3,"29,195 Ratings & 1,854 Reviews","₹13,800",,
990,"REDMI Note 10S (Deep Sea Blue, 128 GB)",4.4,"75,498 Ratings & 5,107 Reviews","₹14,999","₹18,999",21% off
993,LAVA A1,4.2,"1,06,733 Ratings & 11,400 Reviews","₹1,214",,
994,"IQOO Z6 5G (Chromatic Blue, 128 GB)",4.1,183 Ratings & 12 Reviews,"₹17,499",,
995,"IQOO Z6 5G (Dynamo Black, 128 GB)",4.1,183 Ratings & 12 Reviews,"₹17,499",,
996,"vivo Y21 (Midnight Blue, 64 GB)",4.3,"13,861 Ratings & 1,058 Reviews","₹13,499","₹17,990",24% off
999,"OPPO A16k (Black, 64 GB)",4.2,384 Ratings & 25 Reviews,"₹10,289","₹10,980",6% off
1001,"OPPO Reno8 Pro 5G (Glazed Black, 256 GB)",4.4,"1,180 Ratings & 177 Reviews","₹45,999","₹52,999",13% off
1002,PHILIPS E125,3.5,153 Ratings & 14 Reviews,"₹1,345","₹1,349",
1003,"REDMI 9 Prime (Space Blue, 64 GB)",4.4,"2,25,079 Ratings & 15,235 Reviews","₹11,990",,
1010,KARBONN K8 POWER BLUE,4.4,19 Ratings & 0 Reviews,"₹1,130",,
1013,"Infinix Smart HD 2021 (Obsidian Black, 32 GB)",4.3,"65,847 Ratings & 4,286 Reviews","₹6,499","₹7,999",18% off
1014,Itel MagicX,4.2,6 Ratings & 0 Reviews,"₹2,265",,
1017,"SAMSUNG M53 5G (Mystique Green, 128 GB)",4.4,45 Ratings & 7 Reviews,"₹22,890",,
1018,"REDMI Note 10S (Frost White, 128 GB)",4.4,"75,498 Ratings & 5,107 Reviews","₹14,999","₹18,999",21% off
1019,"REDMI Note 11S (Polar White, 64 GB)",4.2,"1,168 Ratings & 104 Reviews","₹16,490","₹19,450",15% off
1020,KARBONN K310i,3.7,238 Ratings & 17 Reviews,₹920,,
1023,"REDMI Note 11S (Horizon Blue, 64 GB)",4.2,"1,168 Ratings & 104 Reviews","₹14,990","₹19,990",25% off
1024,"REDMI Note 11S (Horizon Blue, 128 GB)",4.2,"1,168 Ratings & 104 Reviews","₹16,399",,
1028,"Itel Vision2S (Deep Blue, 32 GB)",4,760 Ratings & 74 Reviews,"₹6,100",,
1029,"SAMSUNG Galaxy A23 (Blue, 128 GB)",4.3,253 Ratings & 21 Reviews,"₹18,999","₹25,490",25% off
1030,"Itel Vision 3 (Jewel Blue, 64 GB)",4,262 Ratings & 36 Reviews,"₹7,485",,
1032,"OnePlus Nord 2T 5G (Jade Fog, 256 GB)",4.4,669 Ratings & 54 Reviews,"₹33,999",,
1037,"realme Narzo 30 (Racing Silver, 64 GB)",4.3,"74,666 Ratings & 5,965 Reviews","₹14,499","₹15,999",9% off
1038,"realme Narzo 30 (Racing Blue, 64 GB)",4.4,"1,04,999 Ratings & 8,921 Reviews","₹13,499","₹14,999",10% off
1042,"APPLE iPhone 14 Plus (Blue, 128 GB)",,,,,
1043,"Xiaomi 12 Pro 5G (Opera Mauve, 256 GB)",4.2,84 Ratings & 13 Reviews,"₹54,490","₹57,990",6% off
1044,"ASUS ROG 5s (Black, 128 GB)",4.2,560 Ratings & 79 Reviews,"₹46,999","₹55,999",16% off
1047,"IQOO Z6 Pro 5G (Phantom Dusk, 128 GB)",4.2,53 Ratings & 4 Reviews,"₹23,488",,
1048,"realme 8 (Cyber Black, 128 GB)",4.4,"94,346 Ratings & 8,342 Reviews","₹17,999","₹18,999",5% off
1051,"realme 8 5G (Supersonic Blue, 128 GB)",4.3,"75,072 Ratings & 6,003 Reviews","₹16,499","₹16,999",2% off
1052,"realme 7 Pro (Mirror Silver, 128 GB)",4.4,"95,201 Ratings & 9,611 Reviews","₹19,999","₹20,999",4% off
1053,"MOTOROLA e32s (Slate Gray, 64 GB)",3.9,"1,016 Ratings & 129 Reviews","₹9,999","₹12,999",23% off
1054,"OPPO A15 (Mystery Blue, 32 GB)",4.3,"1,874 Ratings & 110 Reviews","₹8,990","₹12,990",30% off
1057,"REDMI 9 Power (Blazing Blue, 128 GB)",4.3,"2,39,791 Ratings & 17,003 Reviews","₹13,990",,
1058,"APPLE iPhone 13 Mini (Starlight, 256 GB)",4.5,"2,473 Ratings & 217 Reviews","₹68,990","₹74,900",7% off
1059,"vivo Y31 (Racing Black, 128 GB)",4.4,"8,535 Ratings & 601 Reviews","₹20,490",,
1060,Kechaoda K10,3.9,"13,407 Ratings & 899 Reviews","₹1,130",,
1065,"realme C21Y (Cross Blue, 32 GB)",4.6,"87,491 Ratings & 3,005 Reviews","₹9,499","₹9,999",5% off
1066,LAVA A7 2020,3.9,"1,265 Ratings & 115 Reviews","₹1,749",,
1067,"Redmi Note 9 Pro (Glacier White, 64 GB)",4.3,"26,255 Ratings & 1,809 Reviews","₹13,149","₹16,999",22% off
1068,"realme C21Y (Cross Black, 32 GB)",4.6,"87,491 Ratings & 3,005 Reviews","₹9,499","₹9,999",5% off
1071,Nokia 105DS PLUS,4.2,105 Ratings & 7 Reviews,"₹1,547","₹1,649",6% off
1072,"SAMSUNG Galaxy M33 5G (Emarld Brown, 128 GB)",4.3,119 Ratings & 8 Reviews,"₹19,990",,
1075,Cellecor X30+,3.5,6 Ratings & 2 Reviews,"₹1,849",,
1076,"SAMSUNG Galaxy M12 (Blue, 128 GB)",4.2,"7,261 Ratings & 535 Reviews","₹13,489",,
1077,"realme Narzo 50i (Mint Green, 64 GB)",4.3,"59,493 Ratings & 3,358 Reviews","₹7,999","₹9,999",20% off
1078,Kechaoda K115 PRO,4.2,34 Ratings & 3 Reviews,"₹1,199",,
1081,"SAMSUNG Galaxy A53 (Awesome White, 128 GB)",4.1,800 Ratings & 97 Reviews,"₹31,999","₹39,990",19% off
1082,SAMSUNG Guru Music 2,4.3,"1,91,639 Ratings & 18,006 Reviews","₹2,349",,
1085,Kechaoda K115 PRO,4.2,34 Ratings & 3 Reviews,"₹1,249",,
1086,"realme C25s (Watery Blue, 128 GB)",4.4,"50,016 Ratings & 2,898 Reviews","₹11,999",,
1087,GREENBERRI FOLD,4.2,366 Ratings & 58 Reviews,"₹1,399","₹1,499",6% off
1088,"APPLE iPhone 13 Pro Max (Alpine Green, 256 GB)",4.6,"1,486 Ratings & 152 Reviews","₹1,39,900",,
1093,"Redmi Note 11 (Starburst White, 64 GB)",4.2,"6,373 Ratings & 539 Reviews","₹18,499",,
1094,Kechaoda A10,,,,,
1095,"APPLE iPhone 12 (Black, 128 GB)",4.6,"1,83,329 Ratings & 12,537 Reviews","₹60,990","₹64,900",6% off
1096,"APPLE iPhone 14 Plus (Purple, 128 GB)",,,,,
1097,"vivo Y33s (Mirror Black, 128 GB)",4.3,"11,908 Ratings & 1,088 Reviews","₹17,989","₹17,990",
1098,"OnePlus 10R 5G (Forest Green, 128 GB)",4.4,858 Ratings & 78 Reviews,"₹37,949",,
1099,"OPPO A16 (Royal Gold, 64 GB)",4.3,"3,327 Ratings & 240 Reviews","₹12,990","₹15,990",18% off
1100,"APPLE iPhone 12 (Purple, 128 GB)",4.6,"1,83,329 Ratings & 12,537 Reviews","₹60,990","₹64,900",6% off
1101,"vivo Y21 (Diamond Glow, 64 GB)",4.3,"13,861 Ratings & 1,058 Reviews","₹13,499","₹17,990",24% off
1102,"vivo Y21 (Diamond Glow, 128 GB)",4.3,"13,861 Ratings & 1,058 Reviews","₹19,490",,
1103,KARBONN K31 Star,3.9,31 Ratings & 1 Reviews,"₹1,299",,
1104,"SAMSUNG Galaxy M32 5G (Slate Black, 128 GB)",4.2,"1,148 Ratings & 67 Reviews","₹21,990",,
1105,"Nokia C01 Plus (Grey, 16 GB)",3.8,"3,375 Ratings & 306 Reviews","₹5,999","₹6,999",14% off
1108,"realme GT 2 Pro (Steel Black, 128 GB)",4.2,"1,883 Ratings & 293 Reviews","₹44,899","₹57,999",22% off
1109,SAMSUNG GURU 1200,4.1,316 Ratings & 21 Reviews,"₹1,750",,
1110,"Itel A49 (Crystal Purple, 32 GB)",4,179 Ratings & 13 Reviews,"₹5,949",,
1111,GREENBERRI GB 312,3.8,620 Ratings & 126 Reviews,₹799,₹899,11% off
1112,LAVA A5,4.1,"11,814 Ratings & 1,127 Reviews","₹1,590",,
1113,"SAMSUNG Galaxy A12 (Black, 128 GB)",4.1,"1,213 Ratings & 93 Reviews","₹14,970","₹15,490",3% off
1114,Itel Magic3 Smart Touch Keypad,4.1,475 Ratings & 45 Reviews,"₹1,798","₹2,099",14% off
1115,"APPLE iPhone 14 Plus (Purple, 256 GB)",,,,,
1116,"OPPO F21s Pro 5G (Starlight Black, 128 GB)",,,,,
1123,"OPPO F21S PRO (Dawnlight Gold, 128 GB)",3.8,5 Ratings & 1 Reviews,"₹22,989",,
1126,"APPLE iPhone 14 (Starlight, 256 GB)",4.6,191 Ratings & 9 Reviews,"₹89,900",,
1129,Kechaoda K55 Pro,3.9,358 Ratings & 25 Reviews,"₹1,299",,
1133,Kechaoda K55 Pro,3.9,358 Ratings & 25 Reviews,"₹1,220",,
1134,Itel it2163S,4,238 Ratings & 25 Reviews,₹999,,
1136,"MOTOROLA Edge 20 5G (Frosted Onyx, 128 GB)",4.1,"8,649 Ratings & 1,279 Reviews","₹27,999","₹34,999",20% off
1139,"realme C21 (Cross Blue, 32 GB)",4.4,"71,122 Ratings & 3,892 Reviews","₹9,999",,
1140,Salora Coral,3.8,438 Ratings & 45 Reviews,₹899,,
1141,"SAMSUNG Galaxy A12 (Black, 128 GB)",4.1,"1,212 Ratings & 93 Reviews","₹14,970","₹15,490",3% off
